session_code,participant_id_in_session,participant_code,page_index,app_name,page_name,epoch_time_completed,round_number,timeout_happened,is_wait_page
botw78do,1,sur9pnvv,0,,InitializeParticipant,1699995000,1,0,0
botw78do,2,t823l9ru,0,,InitializeParticipant,1699995013,1,0,0
botw78do,1,sur9pnvv,1,survey,Landing,1699995017,1,0,0
botw78do,2,t823l9ru,1,survey,Landing,1699995053,1,0,0
botw78do,2,t823l9ru,2,survey,SzenarioOne,1699995098,1,0,0
botw78do,2,t823l9ru,3,survey,SzenarioOneOutcome,1699995130,1,0,0
botw78do,3,yypjednx,0,,InitializeParticipant,1699995138,1,0,0
botw78do,1,sur9pnvv,2,survey,SzenarioOne,1699995141,1,0,0
botw78do,3,yypjednx,1,survey,Landing,1699995147,1,0,0
botw78do,2,t823l9ru,4,survey,SzenarioTwo,1699995168,1,0,0
botw78do,1,sur9pnvv,3,survey,SzenarioOneOutcome,1699995175,1,0,0
botw78do,3,yypjednx,2,survey,SzenarioOne,1699995184,1,0,0
botw78do,2,t823l9ru,5,survey,SzenarioTwoOutcome,1699995192,1,0,0
botw78do,2,t823l9ru,6,survey,SzenarioThree,1699995212,1,0,0
botw78do,1,sur9pnvv,4,survey,SzenarioTwo,1699995215,1,0,0
botw78do,3,yypjednx,3,survey,SzenarioOneOutcome,1699995229,1,0,0
botw78do,2,t823l9ru,7,survey,SzenarioThreeOutcome,1699995245,1,0,0
botw78do,3,yypjednx,4,survey,SzenarioTwo,1699995251,1,0,0
botw78do,1,sur9pnvv,5,survey,SzenarioTwoOutcome,1699995263,1,0,0
botw78do,3,yypjednx,5,survey,SzenarioTwoOutcome,1699995288,1,0,0
botw78do,2,t823l9ru,8,survey,SzenarioFour,1699995288,1,0,0
botw78do,3,yypjednx,6,survey,SzenarioThree,1699995313,1,0,0
botw78do,2,t823l9ru,9,survey,SzenarioFourOutcome,1699995337,1,0,0
botw78do,3,yypjednx,7,survey,SzenarioThreeOutcome,1699995362,1,0,0
botw78do,1,sur9pnvv,6,survey,SzenarioThree,1699995366,1,0,0
botw78do,2,t823l9ru,11,survey,Experience,1699995389,1,0,0
botw78do,2,t823l9ru,12,survey,Feedback,1699995394,1,0,0
botw78do,1,sur9pnvv,7,survey,SzenarioThreeOutcome,1699995412,1,0,0
botw78do,3,yypjednx,8,survey,SzenarioFour,1699995475,1,0,0
botw78do,1,sur9pnvv,8,survey,SzenarioFour,1699995499,1,0,0
botw78do,3,yypjednx,9,survey,SzenarioFourOutcome,1699995506,1,0,0
botw78do,1,sur9pnvv,9,survey,SzenarioFourOutcome,1699995535,1,0,0
botw78do,3,yypjednx,11,survey,Experience,1699995567,1,0,0
botw78do,3,yypjednx,12,survey,Feedback,1699995573,1,0,0
botw78do,1,sur9pnvv,11,survey,Experience,1699995645,1,0,0
botw78do,1,sur9pnvv,12,survey,Feedback,1699995653,1,0,0
botw78do,4,h9knchbh,0,,InitializeParticipant,1699995875,1,0,0
botw78do,4,h9knchbh,1,survey,Landing,1699995900,1,0,0
botw78do,4,h9knchbh,2,survey,SzenarioOne,1699995985,1,0,0
botw78do,5,74cwdyk4,0,,InitializeParticipant,1699996033,1,0,0
botw78do,4,h9knchbh,3,survey,SzenarioOneOutcome,1699996040,1,0,0
botw78do,4,h9knchbh,4,survey,SzenarioTwo,1699996071,1,0,0
botw78do,4,h9knchbh,5,survey,SzenarioTwoOutcome,1699996102,1,0,0
botw78do,4,h9knchbh,6,survey,SzenarioThree,1699996145,1,0,0
botw78do,6,gquhryrd,0,,InitializeParticipant,1699996150,1,0,0
botw78do,4,h9knchbh,7,survey,SzenarioThreeOutcome,1699996182,1,0,0
botw78do,7,gjvxqrn1,0,,InitializeParticipant,1699996226,1,0,0
botw78do,7,gjvxqrn1,1,survey,Landing,1699996253,1,0,0
botw78do,4,h9knchbh,8,survey,SzenarioFour,1699996273,1,0,0
botw78do,4,h9knchbh,9,survey,SzenarioFourOutcome,1699996303,1,0,0
botw78do,8,b6vssb7d,0,,InitializeParticipant,1699996316,1,0,0
botw78do,7,gjvxqrn1,2,survey,SzenarioOne,1699996321,1,0,0
botw78do,6,gquhryrd,1,survey,Landing,1699996338,1,0,0
botw78do,8,b6vssb7d,1,survey,Landing,1699996360,1,0,0
botw78do,4,h9knchbh,11,survey,Experience,1699996377,1,0,0
botw78do,4,h9knchbh,12,survey,Feedback,1699996380,1,0,0
botw78do,9,i8mgm0y8,0,,InitializeParticipant,1699996406,1,0,0
botw78do,8,b6vssb7d,2,survey,SzenarioOne,1699996407,1,0,0
botw78do,10,fegzp2z8,0,,InitializeParticipant,1699996407,1,0,0
botw78do,7,gjvxqrn1,3,survey,SzenarioOneOutcome,1699996410,1,0,0
botw78do,6,gquhryrd,2,survey,SzenarioOne,1699996432,1,0,0
botw78do,9,i8mgm0y8,1,survey,Landing,1699996446,1,0,0
botw78do,8,b6vssb7d,3,survey,SzenarioOneOutcome,1699996460,1,0,0
botw78do,10,fegzp2z8,1,survey,Landing,1699996478,1,0,0
botw78do,7,gjvxqrn1,4,survey,SzenarioTwo,1699996487,1,0,0
botw78do,8,b6vssb7d,4,survey,SzenarioTwo,1699996489,1,0,0
botw78do,9,i8mgm0y8,2,survey,SzenarioOne,1699996508,1,0,0
botw78do,8,b6vssb7d,5,survey,SzenarioTwoOutcome,1699996513,1,0,0
botw78do,10,fegzp2z8,2,survey,SzenarioOne,1699996514,1,0,0
botw78do,6,gquhryrd,3,survey,SzenarioOneOutcome,1699996525,1,0,0
botw78do,8,b6vssb7d,6,survey,SzenarioThree,1699996547,1,0,0
botw78do,6,gquhryrd,4,survey,SzenarioTwo,1699996550,1,0,0
botw78do,10,fegzp2z8,3,survey,SzenarioOneOutcome,1699996555,1,0,0
botw78do,7,gjvxqrn1,5,survey,SzenarioTwoOutcome,1699996563,1,0,0
botw78do,6,gquhryrd,5,survey,SzenarioTwoOutcome,1699996584,1,0,0
botw78do,8,b6vssb7d,7,survey,SzenarioThreeOutcome,1699996598,1,0,0
botw78do,9,i8mgm0y8,3,survey,SzenarioOneOutcome,1699996608,1,0,0
botw78do,10,fegzp2z8,4,survey,SzenarioTwo,1699996610,1,0,0
botw78do,6,gquhryrd,6,survey,SzenarioThree,1699996612,1,0,0
botw78do,7,gjvxqrn1,6,survey,SzenarioThree,1699996627,1,0,0
botw78do,10,fegzp2z8,5,survey,SzenarioTwoOutcome,1699996639,1,0,0
botw78do,8,b6vssb7d,8,survey,SzenarioFour,1699996652,1,0,0
botw78do,6,gquhryrd,7,survey,SzenarioThreeOutcome,1699996655,1,0,0
botw78do,8,b6vssb7d,9,survey,SzenarioFourOutcome,1699996673,1,0,0
botw78do,6,gquhryrd,8,survey,SzenarioFour,1699996680,1,0,0
botw78do,7,gjvxqrn1,7,survey,SzenarioThreeOutcome,1699996693,1,0,0
botw78do,6,gquhryrd,9,survey,SzenarioFourOutcome,1699996698,1,0,0
botw78do,9,i8mgm0y8,4,survey,SzenarioTwo,1699996702,1,0,0
botw78do,10,fegzp2z8,6,survey,SzenarioThree,1699996706,1,0,0
botw78do,11,zk383ne9,0,,InitializeParticipant,1699996745,1,0,0
botw78do,10,fegzp2z8,7,survey,SzenarioThreeOutcome,1699996747,1,0,0
botw78do,11,zk383ne9,1,survey,Landing,1699996748,1,0,0
botw78do,12,spe0bou8,0,,InitializeParticipant,1699996761,1,0,0
botw78do,12,spe0bou8,1,survey,Landing,1699996766,1,0,0
botw78do,7,gjvxqrn1,8,survey,SzenarioFour,1699996769,1,0,0
botw78do,11,zk383ne9,2,survey,SzenarioOne,1699996778,1,0,0
botw78do,9,i8mgm0y8,5,survey,SzenarioTwoOutcome,1699996803,1,0,0
botw78do,10,fegzp2z8,8,survey,SzenarioFour,1699996809,1,0,0
botw78do,6,gquhryrd,11,survey,Experience,1699996810,1,0,0
botw78do,11,zk383ne9,3,survey,SzenarioOneOutcome,1699996811,1,0,0
botw78do,6,gquhryrd,12,survey,Feedback,1699996815,1,0,0
botw78do,12,spe0bou8,2,survey,SzenarioOne,1699996818,1,0,0
botw78do,11,zk383ne9,4,survey,SzenarioTwo,1699996825,1,0,0
botw78do,13,aolcca6b,0,,InitializeParticipant,1699996832,1,0,0
botw78do,10,fegzp2z8,9,survey,SzenarioFourOutcome,1699996839,1,0,0
botw78do,11,zk383ne9,5,survey,SzenarioTwoOutcome,1699996850,1,0,0
botw78do,12,spe0bou8,3,survey,SzenarioOneOutcome,1699996858,1,0,0
botw78do,11,zk383ne9,6,survey,SzenarioThree,1699996861,1,0,0
botw78do,7,gjvxqrn1,9,survey,SzenarioFourOutcome,1699996863,1,0,0
botw78do,9,i8mgm0y8,6,survey,SzenarioThree,1699996866,1,0,0
botw78do,13,aolcca6b,1,survey,Landing,1699996881,1,0,0
botw78do,12,spe0bou8,4,survey,SzenarioTwo,1699996883,1,0,0
botw78do,11,zk383ne9,7,survey,SzenarioThreeOutcome,1699996885,1,0,0
botw78do,12,spe0bou8,5,survey,SzenarioTwoOutcome,1699996906,1,0,0
botw78do,11,zk383ne9,8,survey,SzenarioFour,1699996907,1,0,0
botw78do,10,fegzp2z8,11,survey,Experience,1699996912,1,0,0
botw78do,13,aolcca6b,2,survey,SzenarioOne,1699996918,1,0,0
botw78do,10,fegzp2z8,12,survey,Feedback,1699996921,1,0,0
botw78do,12,spe0bou8,6,survey,SzenarioThree,1699996928,1,0,0
botw78do,11,zk383ne9,9,survey,SzenarioFourOutcome,1699996934,1,0,0
botw78do,12,spe0bou8,7,survey,SzenarioThreeOutcome,1699996951,1,0,0
botw78do,13,aolcca6b,3,survey,SzenarioOneOutcome,1699996964,1,0,0
botw78do,7,gjvxqrn1,11,survey,Experience,1699996967,1,0,0
botw78do,12,spe0bou8,8,survey,SzenarioFour,1699996971,1,0,0
botw78do,7,gjvxqrn1,12,survey,Feedback,1699996975,1,0,0
botw78do,9,i8mgm0y8,7,survey,SzenarioThreeOutcome,1699996979,1,0,0
botw78do,11,zk383ne9,11,survey,Experience,1699996995,1,0,0
botw78do,11,zk383ne9,12,survey,Feedback,1699997000,1,0,0
botw78do,13,aolcca6b,4,survey,SzenarioTwo,1699997006,1,0,0
botw78do,12,spe0bou8,9,survey,SzenarioFourOutcome,1699997035,1,0,0
botw78do,13,aolcca6b,5,survey,SzenarioTwoOutcome,1699997038,1,0,0
botw78do,9,i8mgm0y8,8,survey,SzenarioFour,1699997060,1,0,0
botw78do,13,aolcca6b,6,survey,SzenarioThree,1699997070,1,0,0
botw78do,12,spe0bou8,11,survey,Experience,1699997083,1,0,0
botw78do,12,spe0bou8,12,survey,Feedback,1699997085,1,0,0
botw78do,9,i8mgm0y8,9,survey,SzenarioFourOutcome,1699997097,1,0,0
botw78do,13,aolcca6b,7,survey,SzenarioThreeOutcome,1699997110,1,0,0
botw78do,13,aolcca6b,8,survey,SzenarioFour,1699997175,1,0,0
botw78do,9,i8mgm0y8,11,survey,Experience,1699997188,1,0,0
botw78do,9,i8mgm0y8,12,survey,Feedback,1699997194,1,0,0
botw78do,13,aolcca6b,9,survey,SzenarioFourOutcome,1699997208,1,0,0
botw78do,13,aolcca6b,11,survey,Experience,1699997272,1,0,0
botw78do,13,aolcca6b,12,survey,Feedback,1699997277,1,0,0
botw78do,14,n0v140s8,0,,InitializeParticipant,1699997437,1,0,0
botw78do,14,n0v140s8,1,survey,Landing,1699997445,1,0,0
botw78do,14,n0v140s8,2,survey,SzenarioOne,1699997483,1,0,0
botw78do,14,n0v140s8,3,survey,SzenarioOneOutcome,1699997576,1,0,0
botw78do,14,n0v140s8,4,survey,SzenarioTwo,1699997615,1,0,0
botw78do,15,umi2ae2r,0,,InitializeParticipant,1699997652,1,0,0
botw78do,15,umi2ae2r,1,survey,Landing,1699997663,1,0,0
botw78do,14,n0v140s8,5,survey,SzenarioTwoOutcome,1699997673,1,0,0
botw78do,14,n0v140s8,6,survey,SzenarioThree,1699997697,1,0,0
botw78do,14,n0v140s8,7,survey,SzenarioThreeOutcome,1699997716,1,0,0
botw78do,16,ot0ahn70,0,,InitializeParticipant,1699997740,1,0,0
botw78do,14,n0v140s8,8,survey,SzenarioFour,1699997740,1,0,0
botw78do,16,ot0ahn70,1,survey,Landing,1699997742,1,0,0
botw78do,14,n0v140s8,9,survey,SzenarioFourOutcome,1699997762,1,0,0
botw78do,16,ot0ahn70,2,survey,SzenarioOne,1699997769,1,0,0
botw78do,16,ot0ahn70,3,survey,SzenarioOneOutcome,1699997813,1,0,0
botw78do,15,umi2ae2r,2,survey,SzenarioOne,1699997818,1,0,0
botw78do,16,ot0ahn70,4,survey,SzenarioTwo,1699997836,1,0,0
botw78do,15,umi2ae2r,3,survey,SzenarioOneOutcome,1699997842,1,0,0
botw78do,16,ot0ahn70,5,survey,SzenarioTwoOutcome,1699997855,1,0,0
botw78do,15,umi2ae2r,4,survey,SzenarioTwo,1699997861,1,0,0
botw78do,15,umi2ae2r,5,survey,SzenarioTwoOutcome,1699997885,1,0,0
botw78do,16,ot0ahn70,6,survey,SzenarioThree,1699997891,1,0,0
botw78do,17,hc7t3stz,0,,InitializeParticipant,1699997896,1,0,0
botw78do,17,hc7t3stz,1,survey,Landing,1699997901,1,0,0
botw78do,16,ot0ahn70,7,survey,SzenarioThreeOutcome,1699997919,1,0,0
botw78do,17,hc7t3stz,2,survey,SzenarioOne,1699997929,1,0,0
botw78do,16,ot0ahn70,8,survey,SzenarioFour,1699997945,1,0,0
botw78do,17,hc7t3stz,3,survey,SzenarioOneOutcome,1699997958,1,0,0
botw78do,16,ot0ahn70,9,survey,SzenarioFourOutcome,1699997973,1,0,0
botw78do,17,hc7t3stz,4,survey,SzenarioTwo,1699997978,1,0,0
botw78do,16,ot0ahn70,11,survey,Experience,1699998015,1,0,0
botw78do,16,ot0ahn70,12,survey,Feedback,1699998020,1,0,0
botw78do,17,hc7t3stz,5,survey,SzenarioTwoOutcome,1699998046,1,0,0
botw78do,17,hc7t3stz,6,survey,SzenarioThree,1699998081,1,0,0
botw78do,17,hc7t3stz,7,survey,SzenarioThreeOutcome,1699998180,1,0,0
botw78do,18,ibvoc6sm,0,,InitializeParticipant,1699998196,1,0,0
botw78do,17,hc7t3stz,8,survey,SzenarioFour,1699998197,1,0,0
botw78do,18,ibvoc6sm,1,survey,Landing,1699998213,1,0,0
botw78do,17,hc7t3stz,9,survey,SzenarioFourOutcome,1699998248,1,0,0
botw78do,19,p2c1n5hi,0,,InitializeParticipant,1699998263,1,0,0
botw78do,18,ibvoc6sm,2,survey,SzenarioOne,1699998276,1,0,0
botw78do,18,ibvoc6sm,3,survey,SzenarioOneOutcome,1699998384,1,0,0
botw78do,18,ibvoc6sm,4,survey,SzenarioTwo,1699998414,1,0,0
botw78do,18,ibvoc6sm,5,survey,SzenarioTwoOutcome,1699998458,1,0,0
botw78do,19,p2c1n5hi,1,survey,Landing,1699998470,1,0,0
botw78do,18,ibvoc6sm,6,survey,SzenarioThree,1699998487,1,0,0
botw78do,17,hc7t3stz,11,survey,Experience,1699998493,1,0,0
botw78do,17,hc7t3stz,12,survey,Feedback,1699998496,1,0,0
botw78do,18,ibvoc6sm,7,survey,SzenarioThreeOutcome,1699998548,1,0,0
botw78do,18,ibvoc6sm,8,survey,SzenarioFour,1699998565,1,0,0
botw78do,18,ibvoc6sm,9,survey,SzenarioFourOutcome,1699998641,1,0,0
botw78do,19,p2c1n5hi,2,survey,SzenarioOne,1699998645,1,0,0
botw78do,19,p2c1n5hi,3,survey,SzenarioOneOutcome,1699998683,1,0,0
botw78do,15,umi2ae2r,6,survey,SzenarioThree,1699998725,1,0,0
botw78do,19,p2c1n5hi,4,survey,SzenarioTwo,1699998732,1,0,0
botw78do,15,umi2ae2r,7,survey,SzenarioThreeOutcome,1699998745,1,0,0
botw78do,15,umi2ae2r,8,survey,SzenarioFour,1699998757,1,0,0
botw78do,15,umi2ae2r,9,survey,SzenarioFourOutcome,1699998770,1,0,0
botw78do,19,p2c1n5hi,5,survey,SzenarioTwoOutcome,1699998771,1,0,0
botw78do,18,ibvoc6sm,11,survey,Experience,1699998772,1,0,0
botw78do,15,umi2ae2r,11,survey,Experience,1699998808,1,0,0
botw78do,15,umi2ae2r,12,survey,Feedback,1699998811,1,0,0
botw78do,19,p2c1n5hi,6,survey,SzenarioThree,1699998811,1,0,0
botw78do,19,p2c1n5hi,7,survey,SzenarioThreeOutcome,1699998836,1,0,0
botw78do,18,ibvoc6sm,12,survey,Feedback,1699998864,1,0,0
botw78do,19,p2c1n5hi,8,survey,SzenarioFour,1699998927,1,0,0
botw78do,19,p2c1n5hi,9,survey,SzenarioFourOutcome,1699998944,1,0,0
botw78do,19,p2c1n5hi,11,survey,Experience,1699999003,1,0,0
botw78do,19,p2c1n5hi,12,survey,Feedback,1699999010,1,0,0
botw78do,20,wri452zu,0,,InitializeParticipant,1700000041,1,0,0
botw78do,20,wri452zu,1,survey,Landing,1700000070,1,0,0
botw78do,20,wri452zu,2,survey,SzenarioOne,1700000144,1,0,0
botw78do,20,wri452zu,3,survey,SzenarioOneOutcome,1700000211,1,0,0
botw78do,20,wri452zu,4,survey,SzenarioTwo,1700000253,1,0,0
botw78do,20,wri452zu,5,survey,SzenarioTwoOutcome,1700000307,1,0,0
botw78do,21,sc6h9v66,0,,InitializeParticipant,1700000364,1,0,0
botw78do,20,wri452zu,6,survey,SzenarioThree,1700000372,1,0,0
botw78do,21,sc6h9v66,1,survey,Landing,1700000374,1,0,0
botw78do,20,wri452zu,7,survey,SzenarioThreeOutcome,1700000421,1,0,0
botw78do,21,sc6h9v66,2,survey,SzenarioOne,1700000442,1,0,0
botw78do,20,wri452zu,8,survey,SzenarioFour,1700000491,1,0,0
botw78do,20,wri452zu,9,survey,SzenarioFourOutcome,1700000516,1,0,0
botw78do,21,sc6h9v66,3,survey,SzenarioOneOutcome,1700000519,1,0,0
botw78do,21,sc6h9v66,4,survey,SzenarioTwo,1700000604,1,0,0
botw78do,20,wri452zu,11,survey,Experience,1700000621,1,0,0
botw78do,20,wri452zu,12,survey,Feedback,1700000625,1,0,0
botw78do,21,sc6h9v66,5,survey,SzenarioTwoOutcome,1700000658,1,0,0
botw78do,21,sc6h9v66,6,survey,SzenarioThree,1700000736,1,0,0
botw78do,21,sc6h9v66,7,survey,SzenarioThreeOutcome,1700000769,1,0,0
botw78do,21,sc6h9v66,8,survey,SzenarioFour,1700000805,1,0,0
botw78do,21,sc6h9v66,9,survey,SzenarioFourOutcome,1700000832,1,0,0
botw78do,21,sc6h9v66,11,survey,Experience,1700001098,1,0,0
botw78do,21,sc6h9v66,12,survey,Feedback,1700001114,1,0,0
botw78do,22,p88rxesf,0,,InitializeParticipant,1700001319,1,0,0
botw78do,22,p88rxesf,1,survey,Landing,1700001343,1,0,0
botw78do,22,p88rxesf,2,survey,SzenarioOne,1700001379,1,0,0
botw78do,23,1opepm7p,0,,InitializeParticipant,1700002514,1,0,0
botw78do,23,1opepm7p,1,survey,Landing,1700002518,1,0,0
botw78do,23,1opepm7p,2,survey,SzenarioOne,1700002553,1,0,0
botw78do,23,1opepm7p,3,survey,SzenarioOneOutcome,1700002585,1,0,0
botw78do,23,1opepm7p,4,survey,SzenarioTwo,1700002604,1,0,0
botw78do,23,1opepm7p,5,survey,SzenarioTwoOutcome,1700002629,1,0,0
botw78do,23,1opepm7p,6,survey,SzenarioThree,1700002666,1,0,0
botw78do,23,1opepm7p,7,survey,SzenarioThreeOutcome,1700002699,1,0,0
botw78do,23,1opepm7p,8,survey,SzenarioFour,1700002726,1,0,0
botw78do,23,1opepm7p,9,survey,SzenarioFourOutcome,1700002742,1,0,0
botw78do,23,1opepm7p,11,survey,Experience,1700002782,1,0,0
botw78do,23,1opepm7p,12,survey,Feedback,1700002786,1,0,0
botw78do,24,fomhzkbt,0,,InitializeParticipant,1700003970,1,0,0
botw78do,24,fomhzkbt,1,survey,Landing,1700003990,1,0,0
botw78do,24,fomhzkbt,2,survey,SzenarioOne,1700004027,1,0,0
botw78do,24,fomhzkbt,3,survey,SzenarioOneOutcome,1700004057,1,0,0
botw78do,24,fomhzkbt,4,survey,SzenarioTwo,1700004091,1,0,0
botw78do,24,fomhzkbt,5,survey,SzenarioTwoOutcome,1700004168,1,0,0
botw78do,24,fomhzkbt,6,survey,SzenarioThree,1700004171,1,0,0
botw78do,24,fomhzkbt,7,survey,SzenarioThreeOutcome,1700004188,1,0,0
botw78do,24,fomhzkbt,8,survey,SzenarioFour,1700004195,1,0,0
botw78do,24,fomhzkbt,9,survey,SzenarioFourOutcome,1700004219,1,0,0
botw78do,25,5drw5d2g,0,,InitializeParticipant,1700009581,1,0,0
botw78do,25,5drw5d2g,1,survey,Landing,1700009585,1,0,0
botw78do,25,5drw5d2g,2,survey,SzenarioOne,1700009610,1,0,0
botw78do,25,5drw5d2g,3,survey,SzenarioOneOutcome,1700009636,1,0,0
botw78do,25,5drw5d2g,4,survey,SzenarioTwo,1700009653,1,0,0
botw78do,25,5drw5d2g,5,survey,SzenarioTwoOutcome,1700009674,1,0,0
botw78do,25,5drw5d2g,6,survey,SzenarioThree,1700009678,1,0,0
botw78do,25,5drw5d2g,7,survey,SzenarioThreeOutcome,1700009705,1,0,0
botw78do,25,5drw5d2g,8,survey,SzenarioFour,1700009709,1,0,0
botw78do,25,5drw5d2g,9,survey,SzenarioFourOutcome,1700009719,1,0,0
botw78do,25,5drw5d2g,11,survey,Experience,1700009753,1,0,0
botw78do,25,5drw5d2g,12,survey,Feedback,1700009755,1,0,0
botw78do,26,in2a7v6o,0,,InitializeParticipant,1700027204,1,0,0
botw78do,26,in2a7v6o,1,survey,Landing,1700027227,1,0,0
botw78do,26,in2a7v6o,2,survey,SzenarioOne,1700027248,1,0,0
botw78do,26,in2a7v6o,3,survey,SzenarioOneOutcome,1700027282,1,0,0
botw78do,26,in2a7v6o,4,survey,SzenarioTwo,1700027316,1,0,0
botw78do,26,in2a7v6o,5,survey,SzenarioTwoOutcome,1700027348,1,0,0
botw78do,26,in2a7v6o,6,survey,SzenarioThree,1700027411,1,0,0
botw78do,26,in2a7v6o,7,survey,SzenarioThreeOutcome,1700027432,1,0,0
botw78do,26,in2a7v6o,8,survey,SzenarioFour,1700027461,1,0,0
botw78do,26,in2a7v6o,9,survey,SzenarioFourOutcome,1700027489,1,0,0
botw78do,26,in2a7v6o,11,survey,Experience,1700027532,1,0,0
botw78do,26,in2a7v6o,12,survey,Feedback,1700027534,1,0,0
botw78do,27,corltfqz,0,,InitializeParticipant,1700028774,1,0,0
botw78do,27,corltfqz,1,survey,Landing,1700028802,1,0,0
botw78do,27,corltfqz,2,survey,SzenarioOne,1700028862,1,0,0
botw78do,27,corltfqz,3,survey,SzenarioOneOutcome,1700028932,1,0,0
botw78do,27,corltfqz,4,survey,SzenarioTwo,1700029004,1,0,0
botw78do,27,corltfqz,5,survey,SzenarioTwoOutcome,1700029064,1,0,0
botw78do,27,corltfqz,6,survey,SzenarioThree,1700029105,1,0,0
botw78do,27,corltfqz,7,survey,SzenarioThreeOutcome,1700029160,1,0,0
botw78do,27,corltfqz,8,survey,SzenarioFour,1700029235,1,0,0
botw78do,27,corltfqz,9,survey,SzenarioFourOutcome,1700029279,1,0,0
botw78do,27,corltfqz,11,survey,Experience,1700029373,1,0,0
botw78do,27,corltfqz,12,survey,Feedback,1700029494,1,0,0
botw78do,28,e08asqlc,0,,InitializeParticipant,1700031792,1,0,0
botw78do,28,e08asqlc,1,survey,Landing,1700031799,1,0,0
botw78do,28,e08asqlc,2,survey,SzenarioOne,1700031835,1,0,0
botw78do,28,e08asqlc,3,survey,SzenarioOneOutcome,1700031881,1,0,0
botw78do,28,e08asqlc,4,survey,SzenarioTwo,1700031901,1,0,0
botw78do,28,e08asqlc,5,survey,SzenarioTwoOutcome,1700031926,1,0,0
botw78do,28,e08asqlc,6,survey,SzenarioThree,1700031941,1,0,0
botw78do,28,e08asqlc,7,survey,SzenarioThreeOutcome,1700031971,1,0,0
botw78do,28,e08asqlc,8,survey,SzenarioFour,1700031995,1,0,0
botw78do,28,e08asqlc,9,survey,SzenarioFourOutcome,1700032029,1,0,0
botw78do,29,dt4tf69t,0,,InitializeParticipant,1700039170,1,0,0
botw78do,29,dt4tf69t,1,survey,Landing,1700039179,1,0,0
botw78do,29,dt4tf69t,2,survey,SzenarioOne,1700039194,1,0,0
botw78do,29,dt4tf69t,3,survey,SzenarioOneOutcome,1700039221,1,0,0
botw78do,29,dt4tf69t,4,survey,SzenarioTwo,1700039244,1,0,0
botw78do,29,dt4tf69t,5,survey,SzenarioTwoOutcome,1700039268,1,0,0
botw78do,29,dt4tf69t,6,survey,SzenarioThree,1700039288,1,0,0
botw78do,29,dt4tf69t,7,survey,SzenarioThreeOutcome,1700039312,1,0,0
botw78do,29,dt4tf69t,8,survey,SzenarioFour,1700039503,1,0,0
botw78do,29,dt4tf69t,9,survey,SzenarioFourOutcome,1700039534,1,0,0
botw78do,29,dt4tf69t,11,survey,Experience,1700039620,1,0,0
botw78do,29,dt4tf69t,12,survey,Feedback,1700039623,1,0,0
botw78do,30,g333nogw,0,,InitializeParticipant,1700039704,1,0,0
botw78do,30,g333nogw,1,survey,Landing,1700039721,1,0,0
botw78do,30,g333nogw,2,survey,SzenarioOne,1700039753,1,0,0
botw78do,30,g333nogw,3,survey,SzenarioOneOutcome,1700039787,1,0,0
botw78do,30,g333nogw,4,survey,SzenarioTwo,1700039829,1,0,0
botw78do,30,g333nogw,5,survey,SzenarioTwoOutcome,1700039857,1,0,0
botw78do,30,g333nogw,6,survey,SzenarioThree,1700039908,1,0,0
botw78do,30,g333nogw,7,survey,SzenarioThreeOutcome,1700039934,1,0,0
botw78do,30,g333nogw,8,survey,SzenarioFour,1700039972,1,0,0
botw78do,30,g333nogw,9,survey,SzenarioFourOutcome,1700039998,1,0,0
botw78do,30,g333nogw,11,survey,Experience,1700040069,1,0,0
botw78do,30,g333nogw,12,survey,Feedback,1700040076,1,0,0
botw78do,31,8neno2td,0,,InitializeParticipant,1700041183,1,0,0
botw78do,31,8neno2td,1,survey,Landing,1700041237,1,0,0
botw78do,31,8neno2td,2,survey,SzenarioOne,1700041333,1,0,0
botw78do,31,8neno2td,3,survey,SzenarioOneOutcome,1700041389,1,0,0
botw78do,31,8neno2td,4,survey,SzenarioTwo,1700041428,1,0,0
botw78do,31,8neno2td,5,survey,SzenarioTwoOutcome,1700041457,1,0,0
botw78do,31,8neno2td,6,survey,SzenarioThree,1700041486,1,0,0
botw78do,31,8neno2td,7,survey,SzenarioThreeOutcome,1700041514,1,0,0
botw78do,31,8neno2td,8,survey,SzenarioFour,1700041609,1,0,0
botw78do,31,8neno2td,9,survey,SzenarioFourOutcome,1700041626,1,0,0
botw78do,31,8neno2td,11,survey,Experience,1700041744,1,0,0
botw78do,31,8neno2td,12,survey,Feedback,1700041747,1,0,0
botw78do,32,h1gdrys2,0,,InitializeParticipant,1700042102,1,0,0
botw78do,32,h1gdrys2,1,survey,Landing,1700042104,1,0,0
botw78do,32,h1gdrys2,2,survey,SzenarioOne,1700042137,1,0,0
botw78do,33,eueiz6td,0,,InitializeParticipant,1700042431,1,0,0
botw78do,33,eueiz6td,1,survey,Landing,1700042454,1,0,0
botw78do,33,eueiz6td,2,survey,SzenarioOne,1700042478,1,0,0
botw78do,33,eueiz6td,3,survey,SzenarioOneOutcome,1700042519,1,0,0
botw78do,33,eueiz6td,4,survey,SzenarioTwo,1700042545,1,0,0
botw78do,33,eueiz6td,5,survey,SzenarioTwoOutcome,1700042586,1,0,0
botw78do,32,h1gdrys2,3,survey,SzenarioOneOutcome,1700042592,1,0,0
botw78do,33,eueiz6td,6,survey,SzenarioThree,1700042609,1,0,0
botw78do,33,eueiz6td,7,survey,SzenarioThreeOutcome,1700042646,1,0,0
botw78do,33,eueiz6td,8,survey,SzenarioFour,1700042681,1,0,0
botw78do,32,h1gdrys2,4,survey,SzenarioTwo,1700042709,1,0,0
botw78do,33,eueiz6td,9,survey,SzenarioFourOutcome,1700042720,1,0,0
botw78do,32,h1gdrys2,5,survey,SzenarioTwoOutcome,1700042739,1,0,0
botw78do,32,h1gdrys2,6,survey,SzenarioThree,1700042770,1,0,0
botw78do,33,eueiz6td,11,survey,Experience,1700042775,1,0,0
botw78do,33,eueiz6td,12,survey,Feedback,1700042780,1,0,0
botw78do,32,h1gdrys2,7,survey,SzenarioThreeOutcome,1700042816,1,0,0
botw78do,32,h1gdrys2,8,survey,SzenarioFour,1700042840,1,0,0
botw78do,32,h1gdrys2,9,survey,SzenarioFourOutcome,1700042874,1,0,0
botw78do,32,h1gdrys2,11,survey,Experience,1700042934,1,0,0
botw78do,32,h1gdrys2,12,survey,Feedback,1700042940,1,0,0
botw78do,34,yw0huhfh,0,,InitializeParticipant,1700043167,1,0,0
botw78do,34,yw0huhfh,1,survey,Landing,1700043187,1,0,0
botw78do,34,yw0huhfh,2,survey,SzenarioOne,1700043213,1,0,0
botw78do,34,yw0huhfh,3,survey,SzenarioOneOutcome,1700043265,1,0,0
botw78do,34,yw0huhfh,4,survey,SzenarioTwo,1700043296,1,0,0
botw78do,34,yw0huhfh,5,survey,SzenarioTwoOutcome,1700043332,1,0,0
botw78do,34,yw0huhfh,6,survey,SzenarioThree,1700043355,1,0,0
botw78do,34,yw0huhfh,7,survey,SzenarioThreeOutcome,1700043385,1,0,0
botw78do,34,yw0huhfh,8,survey,SzenarioFour,1700043425,1,0,0
botw78do,34,yw0huhfh,9,survey,SzenarioFourOutcome,1700043460,1,0,0
botw78do,35,qib4ynzj,0,,InitializeParticipant,1700045201,1,0,0
botw78do,35,qib4ynzj,1,survey,Landing,1700045202,1,0,0
botw78do,35,qib4ynzj,2,survey,SzenarioOne,1700045231,1,0,0
botw78do,35,qib4ynzj,3,survey,SzenarioOneOutcome,1700045267,1,0,0
botw78do,35,qib4ynzj,4,survey,SzenarioTwo,1700045344,1,0,0
botw78do,35,qib4ynzj,5,survey,SzenarioTwoOutcome,1700045373,1,0,0
botw78do,35,qib4ynzj,6,survey,SzenarioThree,1700045413,1,0,0
botw78do,35,qib4ynzj,7,survey,SzenarioThreeOutcome,1700045448,1,0,0
botw78do,35,qib4ynzj,8,survey,SzenarioFour,1700045666,1,0,0
botw78do,35,qib4ynzj,9,survey,SzenarioFourOutcome,1700045685,1,0,0
botw78do,35,qib4ynzj,11,survey,Experience,1700045743,1,0,0
botw78do,35,qib4ynzj,12,survey,Feedback,1700045747,1,0,0
botw78do,36,27pqx5i8,0,,InitializeParticipant,1700046110,1,0,0
botw78do,36,27pqx5i8,1,survey,Landing,1700046115,1,0,0
botw78do,36,27pqx5i8,2,survey,SzenarioOne,1700046173,1,0,0
botw78do,36,27pqx5i8,3,survey,SzenarioOneOutcome,1700046232,1,0,0
botw78do,36,27pqx5i8,4,survey,SzenarioTwo,1700046262,1,0,0
botw78do,36,27pqx5i8,5,survey,SzenarioTwoOutcome,1700046299,1,0,0
botw78do,36,27pqx5i8,6,survey,SzenarioThree,1700046310,1,0,0
botw78do,36,27pqx5i8,7,survey,SzenarioThreeOutcome,1700046347,1,0,0
botw78do,36,27pqx5i8,8,survey,SzenarioFour,1700046364,1,0,0
botw78do,36,27pqx5i8,9,survey,SzenarioFourOutcome,1700046388,1,0,0
botw78do,36,27pqx5i8,11,survey,Experience,1700046460,1,0,0
botw78do,36,27pqx5i8,12,survey,Feedback,1700046466,1,0,0
botw78do,37,3tul67ai,0,,InitializeParticipant,1700049438,1,0,0
botw78do,37,3tul67ai,1,survey,Landing,1700049440,1,0,0
botw78do,37,3tul67ai,2,survey,SzenarioOne,1700049463,1,0,0
botw78do,37,3tul67ai,3,survey,SzenarioOneOutcome,1700049490,1,0,0
botw78do,37,3tul67ai,4,survey,SzenarioTwo,1700049505,1,0,0
botw78do,37,3tul67ai,5,survey,SzenarioTwoOutcome,1700049527,1,0,0
botw78do,37,3tul67ai,6,survey,SzenarioThree,1700049542,1,0,0
botw78do,37,3tul67ai,7,survey,SzenarioThreeOutcome,1700049568,1,0,0
botw78do,37,3tul67ai,8,survey,SzenarioFour,1700049585,1,0,0
botw78do,37,3tul67ai,9,survey,SzenarioFourOutcome,1700049608,1,0,0
botw78do,37,3tul67ai,11,survey,Experience,1700049659,1,0,0
botw78do,37,3tul67ai,12,survey,Feedback,1700049662,1,0,0
botw78do,38,ohnvu8hf,0,,InitializeParticipant,1700051373,1,0,0
botw78do,38,ohnvu8hf,1,survey,Landing,1700051377,1,0,0
botw78do,38,ohnvu8hf,2,survey,SzenarioOne,1700051404,1,0,0
botw78do,38,ohnvu8hf,3,survey,SzenarioOneOutcome,1700051507,1,0,0
botw78do,38,ohnvu8hf,4,survey,SzenarioTwo,1700051546,1,0,0
botw78do,38,ohnvu8hf,5,survey,SzenarioTwoOutcome,1700051573,1,0,0
botw78do,38,ohnvu8hf,6,survey,SzenarioThree,1700051603,1,0,0
botw78do,38,ohnvu8hf,7,survey,SzenarioThreeOutcome,1700051634,1,0,0
botw78do,38,ohnvu8hf,8,survey,SzenarioFour,1700051664,1,0,0
botw78do,38,ohnvu8hf,9,survey,SzenarioFourOutcome,1700051687,1,0,0
botw78do,38,ohnvu8hf,11,survey,Experience,1700051754,1,0,0
botw78do,38,ohnvu8hf,12,survey,Feedback,1700051761,1,0,0
botw78do,39,rf5psrpj,0,,InitializeParticipant,1700051824,1,0,0
botw78do,39,rf5psrpj,1,survey,Landing,1700051826,1,0,0
botw78do,39,rf5psrpj,2,survey,SzenarioOne,1700051888,1,0,0
botw78do,39,rf5psrpj,3,survey,SzenarioOneOutcome,1700051958,1,0,0
botw78do,39,rf5psrpj,4,survey,SzenarioTwo,1700052003,1,0,0
botw78do,39,rf5psrpj,5,survey,SzenarioTwoOutcome,1700052045,1,0,0
botw78do,39,rf5psrpj,6,survey,SzenarioThree,1700052144,1,0,0
botw78do,39,rf5psrpj,7,survey,SzenarioThreeOutcome,1700052198,1,0,0
botw78do,39,rf5psrpj,8,survey,SzenarioFour,1700052269,1,0,0
botw78do,39,rf5psrpj,9,survey,SzenarioFourOutcome,1700052305,1,0,0
botw78do,39,rf5psrpj,11,survey,Experience,1700052369,1,0,0
botw78do,39,rf5psrpj,12,survey,Feedback,1700052376,1,0,0
botw78do,40,xfyjlvgv,0,,InitializeParticipant,1700054903,1,0,0
botw78do,40,xfyjlvgv,1,survey,Landing,1700054906,1,0,0
botw78do,40,xfyjlvgv,2,survey,SzenarioOne,1700054931,1,0,0
botw78do,40,xfyjlvgv,3,survey,SzenarioOneOutcome,1700054999,1,0,0
botw78do,40,xfyjlvgv,4,survey,SzenarioTwo,1700055030,1,0,0
botw78do,40,xfyjlvgv,5,survey,SzenarioTwoOutcome,1700055059,1,0,0
botw78do,40,xfyjlvgv,6,survey,SzenarioThree,1700055079,1,0,0
botw78do,40,xfyjlvgv,7,survey,SzenarioThreeOutcome,1700055120,1,0,0
botw78do,40,xfyjlvgv,8,survey,SzenarioFour,1700055147,1,0,0
botw78do,40,xfyjlvgv,9,survey,SzenarioFourOutcome,1700055179,1,0,0
botw78do,40,xfyjlvgv,11,survey,Experience,1700055229,1,0,0
botw78do,40,xfyjlvgv,12,survey,Feedback,1700055278,1,0,0
botw78do,41,lkpee5r4,0,,InitializeParticipant,1700055615,1,0,0
botw78do,41,lkpee5r4,1,survey,Landing,1700055641,1,0,0
botw78do,41,lkpee5r4,2,survey,SzenarioOne,1700055678,1,0,0
botw78do,41,lkpee5r4,3,survey,SzenarioOneOutcome,1700055729,1,0,0
botw78do,41,lkpee5r4,4,survey,SzenarioTwo,1700055766,1,0,0
botw78do,41,lkpee5r4,5,survey,SzenarioTwoOutcome,1700055801,1,0,0
botw78do,41,lkpee5r4,6,survey,SzenarioThree,1700055885,1,0,0
botw78do,41,lkpee5r4,7,survey,SzenarioThreeOutcome,1700055918,1,0,0
botw78do,41,lkpee5r4,8,survey,SzenarioFour,1700056036,1,0,0
botw78do,41,lkpee5r4,9,survey,SzenarioFourOutcome,1700056071,1,0,0
botw78do,41,lkpee5r4,11,survey,Experience,1700056141,1,0,0
botw78do,41,lkpee5r4,12,survey,Feedback,1700056144,1,0,0
botw78do,42,l3078j86,0,,InitializeParticipant,1700056850,1,0,0
botw78do,43,5r9pv93b,0,,InitializeParticipant,1700057844,1,0,0
botw78do,43,5r9pv93b,1,survey,Landing,1700057850,1,0,0
botw78do,43,5r9pv93b,2,survey,SzenarioOne,1700057897,1,0,0
botw78do,43,5r9pv93b,3,survey,SzenarioOneOutcome,1700057934,1,0,0
botw78do,43,5r9pv93b,4,survey,SzenarioTwo,1700057961,1,0,0
botw78do,43,5r9pv93b,5,survey,SzenarioTwoOutcome,1700057989,1,0,0
botw78do,43,5r9pv93b,6,survey,SzenarioThree,1700058006,1,0,0
botw78do,43,5r9pv93b,7,survey,SzenarioThreeOutcome,1700058035,1,0,0
botw78do,43,5r9pv93b,8,survey,SzenarioFour,1700058075,1,0,0
botw78do,43,5r9pv93b,9,survey,SzenarioFourOutcome,1700058154,1,0,0
botw78do,43,5r9pv93b,11,survey,Experience,1700058202,1,0,0
botw78do,43,5r9pv93b,12,survey,Feedback,1700058207,1,0,0
botw78do,44,kzjyxyti,0,,InitializeParticipant,1700064685,1,0,0
botw78do,44,kzjyxyti,1,survey,Landing,1700064689,1,0,0
botw78do,44,kzjyxyti,2,survey,SzenarioOne,1700064703,1,0,0
botw78do,44,kzjyxyti,3,survey,SzenarioOneOutcome,1700064744,1,0,0
botw78do,45,cr9rhxzu,0,,InitializeParticipant,1700064766,1,0,0
botw78do,44,kzjyxyti,4,survey,SzenarioTwo,1700064767,1,0,0
botw78do,44,kzjyxyti,5,survey,SzenarioTwoOutcome,1700064785,1,0,0
botw78do,45,cr9rhxzu,1,survey,Landing,1700064790,1,0,0
botw78do,44,kzjyxyti,6,survey,SzenarioThree,1700064824,1,0,0
botw78do,45,cr9rhxzu,2,survey,SzenarioOne,1700064832,1,0,0
botw78do,44,kzjyxyti,7,survey,SzenarioThreeOutcome,1700064842,1,0,0
botw78do,44,kzjyxyti,8,survey,SzenarioFour,1700064870,1,0,0
botw78do,45,cr9rhxzu,3,survey,SzenarioOneOutcome,1700064886,1,0,0
botw78do,44,kzjyxyti,9,survey,SzenarioFourOutcome,1700064899,1,0,0
botw78do,44,kzjyxyti,11,survey,Experience,1700064942,1,0,0
botw78do,44,kzjyxyti,12,survey,Feedback,1700064947,1,0,0
botw78do,45,cr9rhxzu,4,survey,SzenarioTwo,1700064950,1,0,0
botw78do,45,cr9rhxzu,5,survey,SzenarioTwoOutcome,1700064995,1,0,0
botw78do,45,cr9rhxzu,6,survey,SzenarioThree,1700065037,1,0,0
botw78do,45,cr9rhxzu,7,survey,SzenarioThreeOutcome,1700065089,1,0,0
botw78do,45,cr9rhxzu,8,survey,SzenarioFour,1700065153,1,0,0
botw78do,45,cr9rhxzu,9,survey,SzenarioFourOutcome,1700065177,1,0,0
botw78do,46,x0o55cx0,0,,InitializeParticipant,1700065226,1,0,0
botw78do,46,x0o55cx0,1,survey,Landing,1700065236,1,0,0
botw78do,45,cr9rhxzu,11,survey,Experience,1700065263,1,0,0
botw78do,45,cr9rhxzu,12,survey,Feedback,1700065272,1,0,0
botw78do,46,x0o55cx0,2,survey,SzenarioOne,1700065306,1,0,0
botw78do,46,x0o55cx0,3,survey,SzenarioOneOutcome,1700065371,1,0,0
botw78do,46,x0o55cx0,4,survey,SzenarioTwo,1700065421,1,0,0
botw78do,46,x0o55cx0,5,survey,SzenarioTwoOutcome,1700065449,1,0,0
botw78do,46,x0o55cx0,6,survey,SzenarioThree,1700065490,1,0,0
botw78do,46,x0o55cx0,7,survey,SzenarioThreeOutcome,1700065540,1,0,0
botw78do,46,x0o55cx0,8,survey,SzenarioFour,1700065603,1,0,0
botw78do,46,x0o55cx0,9,survey,SzenarioFourOutcome,1700065638,1,0,0
botw78do,46,x0o55cx0,11,survey,Experience,1700065752,1,0,0
botw78do,46,x0o55cx0,12,survey,Feedback,1700065757,1,0,0
botw78do,47,yca0fqx0,0,,InitializeParticipant,1700065962,1,0,0
botw78do,47,yca0fqx0,1,survey,Landing,1700066007,1,0,0
botw78do,47,yca0fqx0,2,survey,SzenarioOne,1700066065,1,0,0
botw78do,47,yca0fqx0,3,survey,SzenarioOneOutcome,1700066133,1,0,0
botw78do,47,yca0fqx0,4,survey,SzenarioTwo,1700066202,1,0,0
botw78do,47,yca0fqx0,5,survey,SzenarioTwoOutcome,1700066276,1,0,0
botw78do,47,yca0fqx0,6,survey,SzenarioThree,1700066316,1,0,0
botw78do,47,yca0fqx0,7,survey,SzenarioThreeOutcome,1700066392,1,0,0
botw78do,47,yca0fqx0,8,survey,SzenarioFour,1700066506,1,0,0
botw78do,47,yca0fqx0,9,survey,SzenarioFourOutcome,1700066543,1,0,0
botw78do,47,yca0fqx0,11,survey,Experience,1700066613,1,0,0
botw78do,47,yca0fqx0,12,survey,Feedback,1700066617,1,0,0
botw78do,48,s43feyqw,0,,InitializeParticipant,1700068850,1,0,0
botw78do,48,s43feyqw,1,survey,Landing,1700068859,1,0,0
botw78do,48,s43feyqw,2,survey,SzenarioOne,1700068894,1,0,0
botw78do,48,s43feyqw,3,survey,SzenarioOneOutcome,1700068966,1,0,0
botw78do,48,s43feyqw,4,survey,SzenarioTwo,1700069023,1,0,0
botw78do,48,s43feyqw,5,survey,SzenarioTwoOutcome,1700069043,1,0,0
botw78do,49,e0zlne9n,0,,InitializeParticipant,1700078747,1,0,0
botw78do,49,e0zlne9n,1,survey,Landing,1700078750,1,0,0
botw78do,50,781i351l,0,,InitializeParticipant,1700083935,1,0,0
botw78do,50,781i351l,1,survey,Landing,1700083940,1,0,0
botw78do,50,781i351l,2,survey,SzenarioOne,1700083959,1,0,0
botw78do,50,781i351l,3,survey,SzenarioOneOutcome,1700083992,1,0,0
botw78do,50,781i351l,4,survey,SzenarioTwo,1700084012,1,0,0
botw78do,50,781i351l,5,survey,SzenarioTwoOutcome,1700084016,1,0,0
botw78do,50,781i351l,6,survey,SzenarioThree,1700084029,1,0,0
botw78do,50,781i351l,7,survey,SzenarioThreeOutcome,1700084043,1,0,0
botw78do,50,781i351l,8,survey,SzenarioFour,1700084049,1,0,0
botw78do,50,781i351l,9,survey,SzenarioFourOutcome,1700084058,1,0,0
botw78do,50,781i351l,11,survey,Experience,1700084099,1,0,0
botw78do,50,781i351l,12,survey,Feedback,1700084104,1,0,0
botw78do,51,izx6nz3b,0,,InitializeParticipant,1700085100,1,0,0
botw78do,51,izx6nz3b,1,survey,Landing,1700085106,1,0,0
botw78do,51,izx6nz3b,2,survey,SzenarioOne,1700085140,1,0,0
botw78do,51,izx6nz3b,3,survey,SzenarioOneOutcome,1700085167,1,0,0
botw78do,51,izx6nz3b,4,survey,SzenarioTwo,1700085177,1,0,0
botw78do,51,izx6nz3b,5,survey,SzenarioTwoOutcome,1700085193,1,0,0
botw78do,51,izx6nz3b,6,survey,SzenarioThree,1700085198,1,0,0
botw78do,51,izx6nz3b,7,survey,SzenarioThreeOutcome,1700085205,1,0,0
botw78do,51,izx6nz3b,8,survey,SzenarioFour,1700085216,1,0,0
botw78do,51,izx6nz3b,9,survey,SzenarioFourOutcome,1700085224,1,0,0
botw78do,52,jwhkpl94,0,,InitializeParticipant,1700089805,1,0,0
botw78do,52,jwhkpl94,1,survey,Landing,1700089809,1,0,0
botw78do,52,jwhkpl94,2,survey,SzenarioOne,1700089848,1,0,0
botw78do,52,jwhkpl94,3,survey,SzenarioOneOutcome,1700089909,1,0,0
botw78do,52,jwhkpl94,4,survey,SzenarioTwo,1700089934,1,0,0
botw78do,52,jwhkpl94,5,survey,SzenarioTwoOutcome,1700089972,1,0,0
botw78do,52,jwhkpl94,6,survey,SzenarioThree,1700089986,1,0,0
botw78do,52,jwhkpl94,7,survey,SzenarioThreeOutcome,1700090033,1,0,0
botw78do,52,jwhkpl94,8,survey,SzenarioFour,1700090049,1,0,0
botw78do,52,jwhkpl94,9,survey,SzenarioFourOutcome,1700090083,1,0,0
botw78do,52,jwhkpl94,11,survey,Experience,1700090146,1,0,0
botw78do,52,jwhkpl94,12,survey,Feedback,1700090149,1,0,0
botw78do,53,407sjz4l,0,,InitializeParticipant,1700101514,1,0,0
botw78do,53,407sjz4l,1,survey,Landing,1700101543,1,0,0
botw78do,53,407sjz4l,2,survey,SzenarioOne,1700101638,1,0,0
botw78do,53,407sjz4l,3,survey,SzenarioOneOutcome,1700101709,1,0,0
botw78do,53,407sjz4l,4,survey,SzenarioTwo,1700101760,1,0,0
botw78do,53,407sjz4l,5,survey,SzenarioTwoOutcome,1700101820,1,0,0
botw78do,53,407sjz4l,6,survey,SzenarioThree,1700101866,1,0,0
botw78do,53,407sjz4l,7,survey,SzenarioThreeOutcome,1700101914,1,0,0
botw78do,53,407sjz4l,8,survey,SzenarioFour,1700101939,1,0,0
botw78do,53,407sjz4l,9,survey,SzenarioFourOutcome,1700101969,1,0,0
botw78do,53,407sjz4l,11,survey,Experience,1700102045,1,0,0
botw78do,53,407sjz4l,12,survey,Feedback,1700102051,1,0,0
botw78do,54,a05q0kc7,0,,InitializeParticipant,1700107607,1,0,0
botw78do,54,a05q0kc7,1,survey,Landing,1700107645,1,0,0
botw78do,54,a05q0kc7,2,survey,SzenarioOne,1700107711,1,0,0
botw78do,54,a05q0kc7,3,survey,SzenarioOneOutcome,1700107820,1,0,0
botw78do,54,a05q0kc7,4,survey,SzenarioTwo,1700107900,1,0,0
botw78do,54,a05q0kc7,5,survey,SzenarioTwoOutcome,1700108070,1,0,0
botw78do,54,a05q0kc7,6,survey,SzenarioThree,1700108113,1,0,0
botw78do,54,a05q0kc7,7,survey,SzenarioThreeOutcome,1700108213,1,0,0
botw78do,54,a05q0kc7,8,survey,SzenarioFour,1700108293,1,0,0
botw78do,54,a05q0kc7,9,survey,SzenarioFourOutcome,1700108377,1,0,0
botw78do,54,a05q0kc7,11,survey,Experience,1700108493,1,0,0
botw78do,54,a05q0kc7,12,survey,Feedback,1700108569,1,0,0
botw78do,55,hkcbzanv,0,,InitializeParticipant,1700123235,1,0,0
botw78do,55,hkcbzanv,1,survey,Landing,1700123325,1,0,0
botw78do,55,hkcbzanv,2,survey,SzenarioOne,1700123406,1,0,0
botw78do,55,hkcbzanv,3,survey,SzenarioOneOutcome,1700123474,1,0,0
botw78do,55,hkcbzanv,4,survey,SzenarioTwo,1700123545,1,0,0
botw78do,55,hkcbzanv,5,survey,SzenarioTwoOutcome,1700123596,1,0,0
botw78do,55,hkcbzanv,6,survey,SzenarioThree,1700123647,1,0,0
botw78do,55,hkcbzanv,7,survey,SzenarioThreeOutcome,1700123718,1,0,0
botw78do,55,hkcbzanv,8,survey,SzenarioFour,1700123799,1,0,0
botw78do,55,hkcbzanv,9,survey,SzenarioFourOutcome,1700123861,1,0,0
botw78do,55,hkcbzanv,11,survey,Experience,1700123948,1,0,0
botw78do,55,hkcbzanv,12,survey,Feedback,1700123953,1,0,0
botw78do,56,34j3k2gn,0,,InitializeParticipant,1700125158,1,0,0
botw78do,56,34j3k2gn,1,survey,Landing,1700125162,1,0,0
botw78do,56,34j3k2gn,2,survey,SzenarioOne,1700125190,1,0,0
botw78do,56,34j3k2gn,3,survey,SzenarioOneOutcome,1700125236,1,0,0
botw78do,56,34j3k2gn,4,survey,SzenarioTwo,1700125270,1,0,0
botw78do,56,34j3k2gn,5,survey,SzenarioTwoOutcome,1700125296,1,0,0
botw78do,56,34j3k2gn,6,survey,SzenarioThree,1700125315,1,0,0
botw78do,56,34j3k2gn,7,survey,SzenarioThreeOutcome,1700125347,1,0,0
botw78do,56,34j3k2gn,8,survey,SzenarioFour,1700125392,1,0,0
botw78do,56,34j3k2gn,9,survey,SzenarioFourOutcome,1700125413,1,0,0
botw78do,56,34j3k2gn,11,survey,Experience,1700125474,1,0,0
botw78do,56,34j3k2gn,12,survey,Feedback,1700125479,1,0,0
3x31rq55,1,orsqyg3v,0,,InitializeParticipant,1700129855,1,0,0
3x31rq55,1,orsqyg3v,1,survey,Landing,1700129876,1,0,0
3x31rq55,1,orsqyg3v,2,survey,SzenarioOne,1700129918,1,0,0
3x31rq55,1,orsqyg3v,3,survey,SzenarioOneOutcome,1700129948,1,0,0
3x31rq55,1,orsqyg3v,4,survey,SzenarioTwo,1700129975,1,0,0
3x31rq55,1,orsqyg3v,5,survey,SzenarioTwoOutcome,1700129990,1,0,0
3x31rq55,1,orsqyg3v,6,survey,SzenarioThree,1700130005,1,0,0
3x31rq55,1,orsqyg3v,7,survey,SzenarioThreeOutcome,1700130014,1,0,0
3x31rq55,1,orsqyg3v,8,survey,SzenarioFour,1700130042,1,0,0
3x31rq55,1,orsqyg3v,9,survey,SzenarioFourOutcome,1700130051,1,0,0
3x31rq55,2,5j2jjcp0,0,,InitializeParticipant,1700132171,1,0,0
3x31rq55,2,5j2jjcp0,1,survey,Landing,1700132174,1,0,0
3x31rq55,2,5j2jjcp0,2,survey,SzenarioOne,1700132178,1,0,0
3x31rq55,2,5j2jjcp0,3,survey,SzenarioOneOutcome,1700132208,1,0,0
3x31rq55,2,5j2jjcp0,4,survey,SzenarioTwo,1700132219,1,0,0
3x31rq55,2,5j2jjcp0,5,survey,SzenarioTwoOutcome,1700132236,1,0,0
3x31rq55,2,5j2jjcp0,6,survey,SzenarioThree,1700132247,1,0,0
3x31rq55,2,5j2jjcp0,7,survey,SzenarioThreeOutcome,1700132273,1,0,0
3x31rq55,2,5j2jjcp0,8,survey,SzenarioFour,1700132286,1,0,0
3x31rq55,3,yq6ob28q,0,,InitializeParticipant,1700133177,1,0,0
3x31rq55,3,yq6ob28q,1,survey,Landing,1700133179,1,0,0
3x31rq55,4,rafkl01k,0,,InitializeParticipant,1700133188,1,0,0
3x31rq55,4,rafkl01k,1,survey,Landing,1700133190,1,0,0
3x31rq55,5,8vxoocqq,0,,InitializeParticipant,1700133196,1,0,0
3x31rq55,5,8vxoocqq,1,survey,Landing,1700133198,1,0,0
3x31rq55,5,8vxoocqq,2,survey,SzenarioOne,1700133203,1,0,0
3x31rq55,5,8vxoocqq,3,survey,SzenarioOneOutcome,1700133213,1,0,0
3x31rq55,5,8vxoocqq,4,survey,SzenarioTwo,1700133221,1,0,0
3x31rq55,5,8vxoocqq,5,survey,SzenarioTwoOutcome,1700133228,1,0,0
3x31rq55,5,8vxoocqq,6,survey,SzenarioThree,1700133237,1,0,0
3x31rq55,5,8vxoocqq,7,survey,SzenarioThreeOutcome,1700133263,1,0,0
3x31rq55,5,8vxoocqq,8,survey,SzenarioFour,1700133276,1,0,0
botw78do,57,stbxzxzi,0,,InitializeParticipant,1700134325,1,0,0
botw78do,57,stbxzxzi,1,survey,Landing,1700134340,1,0,0
botw78do,57,stbxzxzi,2,survey,SzenarioOne,1700134404,1,0,0
botw78do,57,stbxzxzi,3,survey,SzenarioOneOutcome,1700134436,1,0,0
botw78do,57,stbxzxzi,4,survey,SzenarioTwo,1700134464,1,0,0
botw78do,57,stbxzxzi,5,survey,SzenarioTwoOutcome,1700134493,1,0,0
botw78do,57,stbxzxzi,6,survey,SzenarioThree,1700134514,1,0,0
botw78do,57,stbxzxzi,7,survey,SzenarioThreeOutcome,1700134532,1,0,0
botw78do,57,stbxzxzi,8,survey,SzenarioFour,1700134554,1,0,0
botw78do,57,stbxzxzi,9,survey,SzenarioFourOutcome,1700134586,1,0,0
botw78do,57,stbxzxzi,11,survey,Experience,1700134625,1,0,0
botw78do,57,stbxzxzi,12,survey,Feedback,1700134630,1,0,0
botw78do,58,mcpozqca,0,,InitializeParticipant,1700135346,1,0,0
botw78do,58,mcpozqca,1,survey,Landing,1700135480,1,0,0
botw78do,59,ada26xfy,0,,InitializeParticipant,1700135525,1,0,0
botw78do,59,ada26xfy,1,survey,Landing,1700135538,1,0,0
botw78do,58,mcpozqca,2,survey,SzenarioOne,1700135563,1,0,0
botw78do,59,ada26xfy,2,survey,SzenarioOne,1700135589,1,0,0
botw78do,59,ada26xfy,3,survey,SzenarioOneOutcome,1700135659,1,0,0
botw78do,59,ada26xfy,4,survey,SzenarioTwo,1700135705,1,0,0
botw78do,58,mcpozqca,3,survey,SzenarioOneOutcome,1700135747,1,0,0
botw78do,59,ada26xfy,5,survey,SzenarioTwoOutcome,1700135764,1,0,0
botw78do,59,ada26xfy,6,survey,SzenarioThree,1700135778,1,0,0
botw78do,59,ada26xfy,7,survey,SzenarioThreeOutcome,1700135820,1,0,0
botw78do,59,ada26xfy,8,survey,SzenarioFour,1700135876,1,0,0
botw78do,59,ada26xfy,9,survey,SzenarioFourOutcome,1700135909,1,0,0
botw78do,59,ada26xfy,11,survey,Experience,1700135988,1,0,0
botw78do,59,ada26xfy,12,survey,Feedback,1700135997,1,0,0
botw78do,58,mcpozqca,4,survey,SzenarioTwo,1700136172,1,0,0
botw78do,58,mcpozqca,5,survey,SzenarioTwoOutcome,1700136203,1,0,0
botw78do,58,mcpozqca,6,survey,SzenarioThree,1700136559,1,0,0
botw78do,58,mcpozqca,7,survey,SzenarioThreeOutcome,1700136606,1,0,0
botw78do,58,mcpozqca,8,survey,SzenarioFour,1700136828,1,0,0
botw78do,58,mcpozqca,9,survey,SzenarioFourOutcome,1700136859,1,0,0
botw78do,58,mcpozqca,11,survey,Experience,1700136927,1,0,0
botw78do,58,mcpozqca,12,survey,Feedback,1700136933,1,0,0
botw78do,60,9hymyu0s,0,,InitializeParticipant,1700138248,1,0,0
botw78do,60,9hymyu0s,1,survey,Landing,1700138255,1,0,0
botw78do,60,9hymyu0s,2,survey,SzenarioOne,1700138278,1,0,0
botw78do,60,9hymyu0s,3,survey,SzenarioOneOutcome,1700138323,1,0,0
botw78do,60,9hymyu0s,4,survey,SzenarioTwo,1700138415,1,0,0
botw78do,60,9hymyu0s,5,survey,SzenarioTwoOutcome,1700138434,1,0,0
botw78do,60,9hymyu0s,6,survey,SzenarioThree,1700138456,1,0,0
botw78do,60,9hymyu0s,7,survey,SzenarioThreeOutcome,1700138478,1,0,0
botw78do,60,9hymyu0s,8,survey,SzenarioFour,1700138507,1,0,0
botw78do,60,9hymyu0s,9,survey,SzenarioFourOutcome,1700138526,1,0,0
botw78do,60,9hymyu0s,11,survey,Experience,1700138570,1,0,0
botw78do,60,9hymyu0s,12,survey,Feedback,1700138573,1,0,0
botw78do,61,rc4dv0zm,0,,InitializeParticipant,1700140142,1,0,0
botw78do,61,rc4dv0zm,1,survey,Landing,1700140852,1,0,0
botw78do,61,rc4dv0zm,2,survey,SzenarioOne,1700140893,1,0,0
botw78do,61,rc4dv0zm,3,survey,SzenarioOneOutcome,1700140931,1,0,0
botw78do,61,rc4dv0zm,4,survey,SzenarioTwo,1700141176,1,0,0
botw78do,61,rc4dv0zm,5,survey,SzenarioTwoOutcome,1700141262,1,0,0
botw78do,61,rc4dv0zm,6,survey,SzenarioThree,1700141311,1,0,0
botw78do,61,rc4dv0zm,7,survey,SzenarioThreeOutcome,1700141351,1,0,0
botw78do,61,rc4dv0zm,8,survey,SzenarioFour,1700141433,1,0,0
botw78do,61,rc4dv0zm,9,survey,SzenarioFourOutcome,1700141460,1,0,0
botw78do,61,rc4dv0zm,11,survey,Experience,1700141558,1,0,0
botw78do,61,rc4dv0zm,12,survey,Feedback,1700141564,1,0,0
botw78do,62,p9uzx2kd,0,,InitializeParticipant,1700142010,1,0,0
botw78do,62,p9uzx2kd,1,survey,Landing,1700142018,1,0,0
botw78do,62,p9uzx2kd,2,survey,SzenarioOne,1700142039,1,0,0
botw78do,62,p9uzx2kd,3,survey,SzenarioOneOutcome,1700142074,1,0,0
botw78do,62,p9uzx2kd,4,survey,SzenarioTwo,1700142098,1,0,0
botw78do,62,p9uzx2kd,5,survey,SzenarioTwoOutcome,1700142118,1,0,0
botw78do,62,p9uzx2kd,6,survey,SzenarioThree,1700142138,1,0,0
botw78do,62,p9uzx2kd,7,survey,SzenarioThreeOutcome,1700142160,1,0,0
botw78do,62,p9uzx2kd,8,survey,SzenarioFour,1700142172,1,0,0
botw78do,62,p9uzx2kd,9,survey,SzenarioFourOutcome,1700142205,1,0,0
botw78do,62,p9uzx2kd,11,survey,Experience,1700142245,1,0,0
botw78do,62,p9uzx2kd,12,survey,Feedback,1700142249,1,0,0
botw78do,63,bugi27i4,0,,InitializeParticipant,1700145711,1,0,0
botw78do,63,bugi27i4,1,survey,Landing,1700145715,1,0,0
botw78do,63,bugi27i4,2,survey,SzenarioOne,1700145737,1,0,0
botw78do,63,bugi27i4,3,survey,SzenarioOneOutcome,1700145761,1,0,0
botw78do,63,bugi27i4,4,survey,SzenarioTwo,1700145794,1,0,0
botw78do,63,bugi27i4,5,survey,SzenarioTwoOutcome,1700145817,1,0,0
botw78do,63,bugi27i4,6,survey,SzenarioThree,1700145854,1,0,0
botw78do,64,dmdu7ez7,0,,InitializeParticipant,1700145857,1,0,0
botw78do,64,dmdu7ez7,1,survey,Landing,1700145876,1,0,0
botw78do,63,bugi27i4,7,survey,SzenarioThreeOutcome,1700145883,1,0,0
botw78do,64,dmdu7ez7,2,survey,SzenarioOne,1700145893,1,0,0
botw78do,63,bugi27i4,8,survey,SzenarioFour,1700145904,1,0,0
botw78do,63,bugi27i4,9,survey,SzenarioFourOutcome,1700145920,1,0,0
botw78do,64,dmdu7ez7,3,survey,SzenarioOneOutcome,1700145927,1,0,0
botw78do,64,dmdu7ez7,4,survey,SzenarioTwo,1700145944,1,0,0
botw78do,63,bugi27i4,11,survey,Experience,1700145960,1,0,0
botw78do,63,bugi27i4,12,survey,Feedback,1700145962,1,0,0
botw78do,64,dmdu7ez7,5,survey,SzenarioTwoOutcome,1700145966,1,0,0
botw78do,64,dmdu7ez7,6,survey,SzenarioThree,1700145979,1,0,0
botw78do,64,dmdu7ez7,7,survey,SzenarioThreeOutcome,1700146014,1,0,0
botw78do,64,dmdu7ez7,8,survey,SzenarioFour,1700146044,1,0,0
botw78do,64,dmdu7ez7,9,survey,SzenarioFourOutcome,1700146071,1,0,0
botw78do,64,dmdu7ez7,11,survey,Experience,1700146106,1,0,0
botw78do,64,dmdu7ez7,12,survey,Feedback,1700146109,1,0,0
botw78do,65,5egfi178,0,,InitializeParticipant,1700147505,1,0,0
botw78do,65,5egfi178,1,survey,Landing,1700147507,1,0,0
botw78do,65,5egfi178,2,survey,SzenarioOne,1700147527,1,0,0
botw78do,66,8t15xzep,0,,InitializeParticipant,1700147541,1,0,0
botw78do,65,5egfi178,3,survey,SzenarioOneOutcome,1700147563,1,0,0
botw78do,66,8t15xzep,1,survey,Landing,1700147568,1,0,0
botw78do,65,5egfi178,4,survey,SzenarioTwo,1700147577,1,0,0
botw78do,65,5egfi178,5,survey,SzenarioTwoOutcome,1700147601,1,0,0
botw78do,66,8t15xzep,2,survey,SzenarioOne,1700147615,1,0,0
botw78do,65,5egfi178,6,survey,SzenarioThree,1700147640,1,0,0
botw78do,66,8t15xzep,3,survey,SzenarioOneOutcome,1700147658,1,0,0
botw78do,65,5egfi178,7,survey,SzenarioThreeOutcome,1700147676,1,0,0
botw78do,65,5egfi178,8,survey,SzenarioFour,1700147689,1,0,0
botw78do,66,8t15xzep,4,survey,SzenarioTwo,1700147698,1,0,0
botw78do,66,8t15xzep,5,survey,SzenarioTwoOutcome,1700147729,1,0,0
botw78do,66,8t15xzep,6,survey,SzenarioThree,1700147761,1,0,0
botw78do,65,5egfi178,9,survey,SzenarioFourOutcome,1700147772,1,0,0
botw78do,66,8t15xzep,7,survey,SzenarioThreeOutcome,1700147789,1,0,0
botw78do,66,8t15xzep,8,survey,SzenarioFour,1700147827,1,0,0
botw78do,65,5egfi178,11,survey,Experience,1700147832,1,0,0
botw78do,65,5egfi178,12,survey,Feedback,1700147839,1,0,0
botw78do,66,8t15xzep,9,survey,SzenarioFourOutcome,1700147848,1,0,0
botw78do,66,8t15xzep,11,survey,Experience,1700147940,1,0,0
botw78do,66,8t15xzep,12,survey,Feedback,1700147944,1,0,0
botw78do,67,4l8eqix5,0,,InitializeParticipant,1700164424,1,0,0
botw78do,67,4l8eqix5,1,survey,Landing,1700164426,1,0,0
botw78do,67,4l8eqix5,2,survey,SzenarioOne,1700164473,1,0,0
botw78do,67,4l8eqix5,3,survey,SzenarioOneOutcome,1700164519,1,0,0
botw78do,67,4l8eqix5,4,survey,SzenarioTwo,1700164557,1,0,0
botw78do,67,4l8eqix5,5,survey,SzenarioTwoOutcome,1700164587,1,0,0
botw78do,67,4l8eqix5,6,survey,SzenarioThree,1700164640,1,0,0
botw78do,67,4l8eqix5,7,survey,SzenarioThreeOutcome,1700164666,1,0,0
botw78do,67,4l8eqix5,8,survey,SzenarioFour,1700164710,1,0,0
botw78do,67,4l8eqix5,9,survey,SzenarioFourOutcome,1700164733,1,0,0
botw78do,67,4l8eqix5,11,survey,Experience,1700164802,1,0,0
botw78do,67,4l8eqix5,12,survey,Feedback,1700164807,1,0,0
botw78do,68,uj8g0it9,0,,InitializeParticipant,1700167028,1,0,0
botw78do,68,uj8g0it9,1,survey,Landing,1700167030,1,0,0
botw78do,68,uj8g0it9,2,survey,SzenarioOne,1700167070,1,0,0
botw78do,68,uj8g0it9,3,survey,SzenarioOneOutcome,1700167105,1,0,0
botw78do,68,uj8g0it9,4,survey,SzenarioTwo,1700167126,1,0,0
botw78do,68,uj8g0it9,5,survey,SzenarioTwoOutcome,1700167147,1,0,0
botw78do,68,uj8g0it9,6,survey,SzenarioThree,1700167166,1,0,0
botw78do,68,uj8g0it9,7,survey,SzenarioThreeOutcome,1700167183,1,0,0
botw78do,68,uj8g0it9,8,survey,SzenarioFour,1700167210,1,0,0
botw78do,68,uj8g0it9,9,survey,SzenarioFourOutcome,1700167222,1,0,0
botw78do,68,uj8g0it9,11,survey,Experience,1700167277,1,0,0
botw78do,68,uj8g0it9,12,survey,Feedback,1700167281,1,0,0
botw78do,69,hednmc7i,0,,InitializeParticipant,1700169797,1,0,0
botw78do,69,hednmc7i,1,survey,Landing,1700169841,1,0,0
botw78do,70,n7z03vqp,0,,InitializeParticipant,1700172210,1,0,0
botw78do,70,n7z03vqp,1,survey,Landing,1700172220,1,0,0
botw78do,70,n7z03vqp,2,survey,SzenarioOne,1700172248,1,0,0
botw78do,70,n7z03vqp,3,survey,SzenarioOneOutcome,1700172273,1,0,0
botw78do,70,n7z03vqp,4,survey,SzenarioTwo,1700172287,1,0,0
botw78do,70,n7z03vqp,5,survey,SzenarioTwoOutcome,1700172297,1,0,0
botw78do,70,n7z03vqp,6,survey,SzenarioThree,1700172309,1,0,0
botw78do,70,n7z03vqp,7,survey,SzenarioThreeOutcome,1700172320,1,0,0
botw78do,70,n7z03vqp,8,survey,SzenarioFour,1700172327,1,0,0
botw78do,70,n7z03vqp,9,survey,SzenarioFourOutcome,1700172340,1,0,0
botw78do,71,y5543213,0,,InitializeParticipant,1700174265,1,0,0
botw78do,71,y5543213,1,survey,Landing,1700174336,1,0,0
botw78do,71,y5543213,2,survey,SzenarioOne,1700174369,1,0,0
botw78do,71,y5543213,3,survey,SzenarioOneOutcome,1700174412,1,0,0
botw78do,71,y5543213,4,survey,SzenarioTwo,1700174466,1,0,0
botw78do,71,y5543213,5,survey,SzenarioTwoOutcome,1700174491,1,0,0
botw78do,71,y5543213,6,survey,SzenarioThree,1700174602,1,0,0
botw78do,71,y5543213,7,survey,SzenarioThreeOutcome,1700174653,1,0,0
botw78do,71,y5543213,8,survey,SzenarioFour,1700174709,1,0,0
botw78do,71,y5543213,9,survey,SzenarioFourOutcome,1700174754,1,0,0
botw78do,71,y5543213,11,survey,Experience,1700174817,1,0,0
botw78do,71,y5543213,12,survey,Feedback,1700174822,1,0,0
botw78do,72,6e6e09im,0,,InitializeParticipant,1700214553,1,0,0
botw78do,72,6e6e09im,1,survey,Landing,1700214559,1,0,0
botw78do,72,6e6e09im,2,survey,SzenarioOne,1700214693,1,0,0
botw78do,72,6e6e09im,3,survey,SzenarioOneOutcome,1700214721,1,0,0
botw78do,72,6e6e09im,4,survey,SzenarioTwo,1700214739,1,0,0
botw78do,72,6e6e09im,5,survey,SzenarioTwoOutcome,1700214748,1,0,0
botw78do,72,6e6e09im,6,survey,SzenarioThree,1700214762,1,0,0
botw78do,72,6e6e09im,7,survey,SzenarioThreeOutcome,1700214776,1,0,0
botw78do,72,6e6e09im,8,survey,SzenarioFour,1700214800,1,0,0
botw78do,72,6e6e09im,9,survey,SzenarioFourOutcome,1700214816,1,0,0
botw78do,72,6e6e09im,11,survey,Experience,1700214852,1,0,0
botw78do,72,6e6e09im,12,survey,Feedback,1700214854,1,0,0
botw78do,73,ry75ihmn,0,,InitializeParticipant,1700215482,1,0,0
botw78do,73,ry75ihmn,1,survey,Landing,1700215485,1,0,0
botw78do,73,ry75ihmn,2,survey,SzenarioOne,1700215520,1,0,0
botw78do,73,ry75ihmn,3,survey,SzenarioOneOutcome,1700215574,1,0,0
botw78do,73,ry75ihmn,4,survey,SzenarioTwo,1700215607,1,0,0
botw78do,73,ry75ihmn,5,survey,SzenarioTwoOutcome,1700215647,1,0,0
botw78do,73,ry75ihmn,6,survey,SzenarioThree,1700215686,1,0,0
botw78do,73,ry75ihmn,7,survey,SzenarioThreeOutcome,1700215758,1,0,0
botw78do,73,ry75ihmn,8,survey,SzenarioFour,1700215805,1,0,0
botw78do,73,ry75ihmn,9,survey,SzenarioFourOutcome,1700215831,1,0,0
botw78do,73,ry75ihmn,11,survey,Experience,1700215878,1,0,0
botw78do,73,ry75ihmn,12,survey,Feedback,1700215914,1,0,0
botw78do,74,wg99bvhk,0,,InitializeParticipant,1700222778,1,0,0
botw78do,74,wg99bvhk,1,survey,Landing,1700222808,1,0,0
botw78do,74,wg99bvhk,2,survey,SzenarioOne,1700222840,1,0,0
botw78do,74,wg99bvhk,3,survey,SzenarioOneOutcome,1700222879,1,0,0
botw78do,74,wg99bvhk,4,survey,SzenarioTwo,1700222906,1,0,0
botw78do,74,wg99bvhk,5,survey,SzenarioTwoOutcome,1700222928,1,0,0
botw78do,74,wg99bvhk,6,survey,SzenarioThree,1700222956,1,0,0
botw78do,74,wg99bvhk,7,survey,SzenarioThreeOutcome,1700222981,1,0,0
botw78do,74,wg99bvhk,8,survey,SzenarioFour,1700223012,1,0,0
botw78do,74,wg99bvhk,9,survey,SzenarioFourOutcome,1700223032,1,0,0
botw78do,74,wg99bvhk,11,survey,Experience,1700223101,1,0,0
botw78do,74,wg99bvhk,12,survey,Feedback,1700223104,1,0,0
botw78do,75,cbzrtd8j,0,,InitializeParticipant,1700239189,1,0,0
botw78do,75,cbzrtd8j,1,survey,Landing,1700239220,1,0,0
botw78do,75,cbzrtd8j,2,survey,SzenarioOne,1700239279,1,0,0
botw78do,75,cbzrtd8j,3,survey,SzenarioOneOutcome,1700239364,1,0,0
botw78do,75,cbzrtd8j,4,survey,SzenarioTwo,1700239422,1,0,0
botw78do,75,cbzrtd8j,5,survey,SzenarioTwoOutcome,1700239476,1,0,0
botw78do,75,cbzrtd8j,6,survey,SzenarioThree,1700239503,1,0,0
botw78do,75,cbzrtd8j,7,survey,SzenarioThreeOutcome,1700239552,1,0,0
botw78do,75,cbzrtd8j,8,survey,SzenarioFour,1700239581,1,0,0
botw78do,75,cbzrtd8j,9,survey,SzenarioFourOutcome,1700239633,1,0,0
botw78do,75,cbzrtd8j,11,survey,Experience,1700239726,1,0,0
botw78do,75,cbzrtd8j,12,survey,Feedback,1700239738,1,0,0
botw78do,76,r7rnbtbc,0,,InitializeParticipant,1700251886,1,0,0
botw78do,76,r7rnbtbc,1,survey,Landing,1700251907,1,0,0
botw78do,76,r7rnbtbc,2,survey,SzenarioOne,1700251947,1,0,0
botw78do,76,r7rnbtbc,3,survey,SzenarioOneOutcome,1700252003,1,0,0
botw78do,76,r7rnbtbc,4,survey,SzenarioTwo,1700252033,1,0,0
botw78do,76,r7rnbtbc,5,survey,SzenarioTwoOutcome,1700252070,1,0,0
botw78do,76,r7rnbtbc,6,survey,SzenarioThree,1700252096,1,0,0
botw78do,76,r7rnbtbc,7,survey,SzenarioThreeOutcome,1700252131,1,0,0
botw78do,76,r7rnbtbc,8,survey,SzenarioFour,1700252156,1,0,0
botw78do,76,r7rnbtbc,9,survey,SzenarioFourOutcome,1700252192,1,0,0
botw78do,76,r7rnbtbc,11,survey,Experience,1700252238,1,0,0
botw78do,76,r7rnbtbc,12,survey,Feedback,1700252244,1,0,0
botw78do,77,b6oofyhw,0,,InitializeParticipant,1700295718,1,0,0
botw78do,77,b6oofyhw,1,survey,Landing,1700295720,1,0,0
botw78do,77,b6oofyhw,2,survey,SzenarioOne,1700295750,1,0,0
botw78do,77,b6oofyhw,3,survey,SzenarioOneOutcome,1700295806,1,0,0
botw78do,77,b6oofyhw,4,survey,SzenarioTwo,1700295838,1,0,0
botw78do,77,b6oofyhw,5,survey,SzenarioTwoOutcome,1700295851,1,0,0
botw78do,77,b6oofyhw,6,survey,SzenarioThree,1700295861,1,0,0
botw78do,77,b6oofyhw,7,survey,SzenarioThreeOutcome,1700295906,1,0,0
botw78do,77,b6oofyhw,8,survey,SzenarioFour,1700295921,1,0,0
botw78do,77,b6oofyhw,9,survey,SzenarioFourOutcome,1700295934,1,0,0
botw78do,77,b6oofyhw,11,survey,Experience,1700296061,1,0,0
botw78do,77,b6oofyhw,12,survey,Feedback,1700296077,1,0,0
botw78do,78,shl0bbwu,0,,InitializeParticipant,1700307741,1,0,0
botw78do,78,shl0bbwu,1,survey,Landing,1700307757,1,0,0
botw78do,78,shl0bbwu,2,survey,SzenarioOne,1700307814,1,0,0
botw78do,78,shl0bbwu,3,survey,SzenarioOneOutcome,1700307871,1,0,0
botw78do,78,shl0bbwu,4,survey,SzenarioTwo,1700307924,1,0,0
botw78do,78,shl0bbwu,5,survey,SzenarioTwoOutcome,1700307961,1,0,0
botw78do,78,shl0bbwu,6,survey,SzenarioThree,1700308017,1,0,0
botw78do,78,shl0bbwu,7,survey,SzenarioThreeOutcome,1700308066,1,0,0
botw78do,78,shl0bbwu,8,survey,SzenarioFour,1700308120,1,0,0
botw78do,78,shl0bbwu,9,survey,SzenarioFourOutcome,1700308161,1,0,0
botw78do,78,shl0bbwu,11,survey,Experience,1700308239,1,0,0
botw78do,78,shl0bbwu,12,survey,Feedback,1700308245,1,0,0
botw78do,79,zljtocpn,0,,InitializeParticipant,1700379423,1,0,0
botw78do,79,zljtocpn,1,survey,Landing,1700379425,1,0,0
botw78do,79,zljtocpn,2,survey,SzenarioOne,1700379461,1,0,0
botw78do,79,zljtocpn,3,survey,SzenarioOneOutcome,1700379507,1,0,0
botw78do,79,zljtocpn,4,survey,SzenarioTwo,1700379540,1,0,0
botw78do,79,zljtocpn,5,survey,SzenarioTwoOutcome,1700379589,1,0,0
botw78do,79,zljtocpn,6,survey,SzenarioThree,1700379640,1,0,0
botw78do,79,zljtocpn,7,survey,SzenarioThreeOutcome,1700379704,1,0,0
botw78do,79,zljtocpn,8,survey,SzenarioFour,1700379769,1,0,0
botw78do,79,zljtocpn,9,survey,SzenarioFourOutcome,1700379801,1,0,0
botw78do,79,zljtocpn,11,survey,Experience,1700379857,1,0,0
botw78do,79,zljtocpn,12,survey,Feedback,1700379864,1,0,0
botw78do,80,no2xzmls,0,,InitializeParticipant,1700387906,1,0,0
botw78do,80,no2xzmls,1,survey,Landing,1700387908,1,0,0
botw78do,80,no2xzmls,2,survey,SzenarioOne,1700387942,1,0,0
botw78do,80,no2xzmls,3,survey,SzenarioOneOutcome,1700387983,1,0,0
botw78do,80,no2xzmls,4,survey,SzenarioTwo,1700388025,1,0,0
botw78do,80,no2xzmls,5,survey,SzenarioTwoOutcome,1700388049,1,0,0
botw78do,80,no2xzmls,6,survey,SzenarioThree,1700388131,1,0,0
botw78do,80,no2xzmls,7,survey,SzenarioThreeOutcome,1700388163,1,0,0
botw78do,80,no2xzmls,8,survey,SzenarioFour,1700388186,1,0,0
botw78do,80,no2xzmls,9,survey,SzenarioFourOutcome,1700388221,1,0,0
botw78do,80,no2xzmls,11,survey,Experience,1700388286,1,0,0
botw78do,80,no2xzmls,12,survey,Feedback,1700388289,1,0,0
botw78do,81,accb9pyp,0,,InitializeParticipant,1700390741,1,0,0
botw78do,81,accb9pyp,1,survey,Landing,1700390744,1,0,0
botw78do,81,accb9pyp,2,survey,SzenarioOne,1700390769,1,0,0
botw78do,81,accb9pyp,3,survey,SzenarioOneOutcome,1700390803,1,0,0
botw78do,81,accb9pyp,4,survey,SzenarioTwo,1700390821,1,0,0
botw78do,81,accb9pyp,5,survey,SzenarioTwoOutcome,1700390843,1,0,0
botw78do,81,accb9pyp,6,survey,SzenarioThree,1700390860,1,0,0
botw78do,81,accb9pyp,7,survey,SzenarioThreeOutcome,1700390875,1,0,0
botw78do,81,accb9pyp,8,survey,SzenarioFour,1700390890,1,0,0
botw78do,81,accb9pyp,9,survey,SzenarioFourOutcome,1700390907,1,0,0
botw78do,81,accb9pyp,11,survey,Experience,1700390962,1,0,0
botw78do,81,accb9pyp,12,survey,Feedback,1700390969,1,0,0
botw78do,82,sq6n97jy,0,,InitializeParticipant,1700419731,1,0,0
botw78do,82,sq6n97jy,1,survey,Landing,1700419822,1,0,0
botw78do,82,sq6n97jy,2,survey,SzenarioOne,1700419855,1,0,0
botw78do,82,sq6n97jy,3,survey,SzenarioOneOutcome,1700419896,1,0,0
botw78do,83,xiiug1bh,0,,InitializeParticipant,1700419936,1,0,0
botw78do,82,sq6n97jy,4,survey,SzenarioTwo,1700419938,1,0,0
botw78do,83,xiiug1bh,1,survey,Landing,1700419950,1,0,0
botw78do,82,sq6n97jy,5,survey,SzenarioTwoOutcome,1700419973,1,0,0
botw78do,83,xiiug1bh,2,survey,SzenarioOne,1700419981,1,0,0
botw78do,82,sq6n97jy,6,survey,SzenarioThree,1700419996,1,0,0
botw78do,83,xiiug1bh,3,survey,SzenarioOneOutcome,1700420012,1,0,0
botw78do,82,sq6n97jy,7,survey,SzenarioThreeOutcome,1700420028,1,0,0
botw78do,83,xiiug1bh,4,survey,SzenarioTwo,1700420040,1,0,0
botw78do,83,xiiug1bh,5,survey,SzenarioTwoOutcome,1700420070,1,0,0
botw78do,82,sq6n97jy,8,survey,SzenarioFour,1700420079,1,0,0
botw78do,83,xiiug1bh,6,survey,SzenarioThree,1700420093,1,0,0
botw78do,83,xiiug1bh,7,survey,SzenarioThreeOutcome,1700420113,1,0,0
botw78do,82,sq6n97jy,9,survey,SzenarioFourOutcome,1700420114,1,0,0
botw78do,83,xiiug1bh,8,survey,SzenarioFour,1700420149,1,0,0
botw78do,83,xiiug1bh,9,survey,SzenarioFourOutcome,1700420175,1,0,0
botw78do,82,sq6n97jy,11,survey,Experience,1700420191,1,0,0
botw78do,82,sq6n97jy,12,survey,Feedback,1700420195,1,0,0
botw78do,83,xiiug1bh,11,survey,Experience,1700420237,1,0,0
botw78do,83,xiiug1bh,12,survey,Feedback,1700420241,1,0,0
botw78do,84,428vgjum,0,,InitializeParticipant,1700421955,1,0,0
botw78do,84,428vgjum,1,survey,Landing,1700421957,1,0,0
botw78do,84,428vgjum,2,survey,SzenarioOne,1700422036,1,0,0
botw78do,84,428vgjum,3,survey,SzenarioOneOutcome,1700422089,1,0,0
botw78do,84,428vgjum,4,survey,SzenarioTwo,1700422137,1,0,0
botw78do,84,428vgjum,5,survey,SzenarioTwoOutcome,1700422196,1,0,0
botw78do,84,428vgjum,6,survey,SzenarioThree,1700422282,1,0,0
botw78do,84,428vgjum,7,survey,SzenarioThreeOutcome,1700422334,1,0,0
botw78do,84,428vgjum,8,survey,SzenarioFour,1700422391,1,0,0
botw78do,84,428vgjum,9,survey,SzenarioFourOutcome,1700422427,1,0,0
botw78do,84,428vgjum,11,survey,Experience,1700422508,1,0,0
botw78do,84,428vgjum,12,survey,Feedback,1700422655,1,0,0
botw78do,85,i3dotwb9,0,,InitializeParticipant,1700430588,1,0,0
botw78do,85,i3dotwb9,1,survey,Landing,1700430640,1,0,0
botw78do,85,i3dotwb9,2,survey,SzenarioOne,1700430734,1,0,0
botw78do,85,i3dotwb9,3,survey,SzenarioOneOutcome,1700430840,1,0,0
botw78do,85,i3dotwb9,4,survey,SzenarioTwo,1700430898,1,0,0
botw78do,85,i3dotwb9,5,survey,SzenarioTwoOutcome,1700430953,1,0,0
botw78do,85,i3dotwb9,6,survey,SzenarioThree,1700431010,1,0,0
botw78do,85,i3dotwb9,7,survey,SzenarioThreeOutcome,1700431084,1,0,0
botw78do,85,i3dotwb9,8,survey,SzenarioFour,1700431164,1,0,0
botw78do,85,i3dotwb9,9,survey,SzenarioFourOutcome,1700431193,1,0,0
botw78do,85,i3dotwb9,11,survey,Experience,1700431407,1,0,0
botw78do,85,i3dotwb9,12,survey,Feedback,1700431446,1,0,0
